read_input_U0,read,upc_loop_status1.csv
read_input_3_U0,read,upc_loop_status2.csv
merge_sort_iterative_1_U0,VITIS_LOOP_78_1,seq_loop_status1.csv
merge_sort_iterative_1_U0,iteration,seq_loop_status2.csv
merge_sort_iterative_1_U0.grp_merge_sort_iterative_1_Pipeline_buffer_fu_4200,buffer,upc_loop_status3.csv
merge_sort_iterative_1_U0.grp_merge_sort_iterative_1_Pipeline_merge_fu_5752,merge,upc_loop_status4.csv
merge_sort_iterative_1_U0.grp_merge_sort_iterative_1_Pipeline_buffer_write_fu_5759,buffer_write,upc_loop_status5.csv
merge_sort_iterative_1_U0.grp_merge_sort_iterative_1_Pipeline_output_fu_6791,output,upc_loop_status6.csv
merge_sort_iterative_2_U0,VITIS_LOOP_78_1,seq_loop_status3.csv
merge_sort_iterative_2_U0,iteration,seq_loop_status4.csv
merge_sort_iterative_2_U0.grp_merge_sort_iterative_2_Pipeline_buffer_fu_4200,buffer,upc_loop_status7.csv
merge_sort_iterative_2_U0.grp_merge_sort_iterative_2_Pipeline_merge_fu_5752,merge,upc_loop_status8.csv
merge_sort_iterative_2_U0.grp_merge_sort_iterative_2_Pipeline_buffer_write_fu_5759,buffer_write,upc_loop_status9.csv
merge_sort_iterative_2_U0.grp_merge_sort_iterative_2_Pipeline_output_fu_6791,output,upc_loop_status10.csv
write_tmp_U0.grp_write_tmp_Pipeline_VITIS_LOOP_108_1_fu_22,VITIS_LOOP_108_1,upc_loop_status11.csv
write_tmp_U0.grp_write_tmp_Pipeline_VITIS_LOOP_113_2_fu_30,VITIS_LOOP_113_2,upc_loop_status12.csv
merge_sort_iterative_U0,VITIS_LOOP_78_1,seq_loop_status5.csv
merge_sort_iterative_U0,iteration,seq_loop_status6.csv
merge_sort_iterative_U0.grp_merge_sort_iterative_Pipeline_buffer_fu_4198,buffer,upc_loop_status13.csv
merge_sort_iterative_U0.grp_merge_sort_iterative_Pipeline_merge_fu_6262,merge,upc_loop_status14.csv
merge_sort_iterative_U0.grp_merge_sort_iterative_Pipeline_buffer_write_fu_6269,buffer_write,upc_loop_status15.csv
merge_sort_iterative_U0.grp_merge_sort_iterative_Pipeline_output_fu_7301,output,upc_loop_status16.csv
write_output_U0,write,upc_loop_status17.csv
