,entry_proc_U0,,status1.csv
,read_input_U0,,status2.csv
,read_input_3_U0,,status3.csv
,merge_sort_iterative_1_U0,,status4.csv
,merge_sort_iterative_2_U0,,status5.csv
,write_tmp_U0,,status6.csv
,merge_sort_iterative_U0,,status7.csv
,write_output_U0,,status8.csv
,AESL_inst_merge_sort,,module_status1.csv
merge_sort_iterative_1_U0,grp_merge_sort_iterative_1_Pipeline_buffer_fu_4200,,module_status2.csv
merge_sort_iterative_1_U0,grp_merge_sort_iterative_1_Pipeline_left_right_fu_4718,,module_status3.csv
merge_sort_iterative_1_U0,grp_merge_sort_iterative_1_Pipeline_merge_fu_5752,,module_status4.csv
merge_sort_iterative_1_U0,grp_merge_sort_iterative_1_Pipeline_buffer_write_fu_5759,,module_status5.csv
merge_sort_iterative_1_U0,grp_merge_sort_iterative_1_Pipeline_output_fu_6791,,module_status6.csv
merge_sort_iterative_2_U0,grp_merge_sort_iterative_2_Pipeline_buffer_fu_4200,,module_status7.csv
merge_sort_iterative_2_U0,grp_merge_sort_iterative_2_Pipeline_left_right_fu_4718,,module_status8.csv
merge_sort_iterative_2_U0,grp_merge_sort_iterative_2_Pipeline_merge_fu_5752,,module_status9.csv
merge_sort_iterative_2_U0,grp_merge_sort_iterative_2_Pipeline_buffer_write_fu_5759,,module_status10.csv
merge_sort_iterative_2_U0,grp_merge_sort_iterative_2_Pipeline_output_fu_6791,,module_status11.csv
write_tmp_U0,grp_write_tmp_Pipeline_VITIS_LOOP_108_1_fu_22,,module_status12.csv
write_tmp_U0,grp_write_tmp_Pipeline_VITIS_LOOP_113_2_fu_30,,module_status13.csv
merge_sort_iterative_U0,grp_merge_sort_iterative_Pipeline_buffer_fu_4198,,module_status14.csv
merge_sort_iterative_U0,grp_merge_sort_iterative_Pipeline_left_right_fu_5228,,module_status15.csv
merge_sort_iterative_U0,grp_merge_sort_iterative_Pipeline_merge_fu_6262,,module_status16.csv
merge_sort_iterative_U0,grp_merge_sort_iterative_Pipeline_buffer_write_fu_6269,,module_status17.csv
merge_sort_iterative_U0,grp_merge_sort_iterative_Pipeline_output_fu_7301,,module_status18.csv
